# Archivos con ?v= en su URL, su versión actual y el md5 de su contenido.
# Lo mantiene scripts/verificar-versiones.py --actualizar; no editar a mano.
# ruta	version	md5
css/bulk_sales.css	4	0c6f3294f5ee1bf1e36f6cf59eaa90c8
css/cart_responsive.css	12	93e389961bcab19a1d2a402808f95422
css/dashboard.css	5	8c2d44ff49e0dac2126cf5ba7705188b
css/design-system.css	9	07eb82a28af10e8ab7e4f2148c293f6f
css/fonts.css	4	35e58fb00cdd00a6d2260d26dc38d3d0
css/inventory.css	38	1ef098b7041e10192170d6452a34cda3
css/landing.css	4	5c70436f4f0c59a13476cbc3062587b4
css/login.css	12	07632a90a320c3381d1b73e65fa29ebf
css/main.css	22	c56b6bd66ea417bc5b0cdfdff80e6040
css/mobile-nav.css	5	cd112fc5358a29e7240bfd7cb33f2bcf
css/promotions-v2.css	2	19d0f8dd4ac2c00c0a87a876ff7d0c56
css/promotions.css	13	c7b4d1e6fa1d6f50e54a37f91cd2aa36
css/sales.css	52	4816932d8c698c214158641500a926b2
css/scanner_overlay.css	10	ddec787393fac0826aa9a65008753ccc
css/sidebar-modern.css	6	fa87435b6b0664ddeb4d90b71e8bfc04
css/variables.css	6	121f6dc3caf9e57ee6af96f4db718ffd
js/app.js	12	1fd1d24ce2db5b0ce2bf34038d3b768b
js/cobro.js	2	c01638082a57f1bc9d4ba847e920761b
js/comandas.js	4	ab84e73c653e427d3f8f3f28e0f156ec
js/compositor-inventario.js	6	4e622bf2a6c5c0d6a97ea2fbd9372a7d
js/dashboard.js	3	200245e5ecfc4f29165cffa70760314e
js/design-system.js	7	a6d47b4914401e512f34f7e692a94b56
js/inventory-exits.js	3	3a250de195d9e66c8412377bb611fe77
js/inventory.js	21	ff6c352ce8d2b5f505f31efc190fe9b4
js/profile.js	5	bb6c414aa5f7ca4976761d1a84235828
js/promotion-client-rules.js	2	f525b40be81b26d1d735dc3c4122f50c
js/promotions-v2.js	2	685ed10b0d03cee6df18d1e6908aa8d9
js/promotions.js	6	bef366591e374f4e4cfde6b767284727
js/purchases.js	16	7ac2a18ced1bcc6972646958c6d717a7
js/sales.js	48	bbff9d000a0a8388c957ca0664dc5c37
js/scanner.js	4	828bfb406a22a54d12d54517a37faece
js/sidebar-loader.js	13	d7bd4144a7a76b248ea7dd147f97b6cd
js/stock-rule.js	1	5818188ed9718de696abeffe9d55909f
js/stripe-pos.js	1	a261c0664235a63f2da8b4ae3c1194c7
js/tables.js	11	ad25b20b4d38c780841cfdac2a3fdd4a
js/theme-init.js	3	f19a5338c4808273acba84e0f21aa214
js/tour.js	4	45da073236616c3069a0bf1977d34178
js/ws-realtime.js	1	461256bedbddbc69af5bcd627e5241d7
